{
  "scriptFile" : "../az-etl-api-1.0-SNAPSHOT.jar",
  "entryPoint" : "com.prosperoware.cam.dms.content.sync.handlers.AzEtlMappingController.forceUpdateMappingStatus",
  "bindings" : [ {
    "type" : "httpTrigger",
    "direction" : "in",
    "name" : "forceUpdateMappingStatus",
    "route" : "v1/dms/content-sync/etl/mappings/{mappingId}/force/status-change",
    "methods" : [ "GET" ],
    "authLevel" : "ANONYMOUS"
  }, {
    "type" : "http",
    "direction" : "out",
    "name" : "$return"
  } ]
}