{
  "scriptFile" : "../az-etl-api-1.0-SNAPSHOT.jar",
  "entryPoint" : "com.prosperoware.cam.dms.content.sync.handlers.AzEtlActionController.getDriveItemsByFilter",
  "bindings" : [ {
    "type" : "httpTrigger",
    "direction" : "in",
    "name" : "getDriveItemsByFilter",
    "route" : "v1/dms/content-sync/etl/actions/request/drive/{driveId}/driveItemId/{driveItemId}",
    "methods" : [ "GET" ],
    "authLevel" : "ANONYMOUS"
  }, {
    "type" : "http",
    "direction" : "out",
    "name" : "$return"
  } ]
}