{
  "scriptFile" : "../az-etl-office-audit-1.0-SNAPSHOT.jar",
  "entryPoint" : "com.prosperoware.cam.dms.content.sync.handlers.AzEtlOfficeAuditDownloadWorkerHandler.etlOfficeAuditDownloadWorkerHandler",
  "bindings" : [ {
    "type" : "serviceBusTrigger",
    "direction" : "in",
    "name" : "etlTopicEventHandler",
    "subscriptionName" : "%etl_office_audit_download_worker_subscription%",
    "topicName" : "%etl_office_audit_download_worker_topic%",
    "connection" : "ServiceBusConnection"
  } ],
  "retry" : {
    "strategy" : "fixedDelay",
    "maxRetryCount" : 3,
    "delayInterval" : "00:00:05"
  }
}