{
  "scriptFile" : "../az-contentsync-api-1.0-SNAPSHOT.jar",
  "entryPoint" : "com.prosperoware.cam.dms.content.sync.handlers.AzContentSyncTenantController.updateTenantOtpTemplatesSms",
  "bindings" : [ {
    "type" : "httpTrigger",
    "direction" : "in",
    "name" : "updateTenantOtpTemplatesSms",
    "route" : "v1/dms/content-sync/tenant/config/otp-templates/sms",
    "methods" : [ "PUT" ],
    "authLevel" : "ANONYMOUS"
  }, {
    "type" : "http",
    "direction" : "out",
    "name" : "$return"
  } ]
}