{
  "scriptFile" : "../az-etl-api-1.0-SNAPSHOT.jar",
  "entryPoint" : "com.prosperoware.cam.dms.content.sync.handlers.AzEtlMappingController.updateJobSettingMapping",
  "bindings" : [ {
    "type" : "httpTrigger",
    "direction" : "in",
    "name" : "updateJobSettingMapping",
    "route" : "v1/dms/content-sync/etl/mappings/{mappingId}/job-settings/mapping",
    "methods" : [ "PUT" ],
    "authLevel" : "ANONYMOUS"
  }, {
    "type" : "http",
    "direction" : "out",
    "name" : "$return"
  } ]
}