{
  "scriptFile" : "../az-etl-office-audit-1.0-SNAPSHOT.jar",
  "entryPoint" : "com.prosperoware.cam.dms.content.sync.handlers.AzEtlOfficeAuditDownloadManagerHandler.etlOfficeAuditDownloadManagerHandler",
  "bindings" : [ {
    "type" : "timerTrigger",
    "direction" : "in",
    "name" : "etlOfficeAuditDownloadManagerHandler",
    "schedule" : "%etl_office_audit_download_manager_schedule%"
  } ],
  "retry" : {
    "strategy" : "fixedDelay",
    "maxRetryCount" : 3,
    "delayInterval" : "00:00:05"
  }
}