{
  "scriptFile" : "../az-contentsync-process-1.0-SNAPSHOT.jar",
  "entryPoint" : "com.prosperoware.cam.dms.content.sync.handlers.AzContentSyncJobProcessHandler.etlJobProcessHandler",
  "bindings" : [ {
    "type" : "serviceBusTrigger",
    "direction" : "in",
    "name" : "contentSyncJobProcessHandler",
    "queueName" : "%contentsync_job_process_queue%",
    "connection" : "ServiceBusConnection"
  } ],
  "retry" : {
    "strategy" : "fixedDelay",
    "maxRetryCount" : 3,
    "delayInterval" : "00:00:05"
  }
}