{
  "scriptFile" : "../az-contentsync-api-1.0-SNAPSHOT.jar",
  "entryPoint" : "com.prosperoware.cam.dms.content.sync.handlers.AzContentSyncTenantController.updateTenantOtpTemplatesEmail",
  "bindings" : [ {
    "type" : "httpTrigger",
    "direction" : "in",
    "name" : "updateTenantOtpTemplatesEmail",
    "route" : "v1/dms/content-sync/tenant/config/otp-templates/email",
    "methods" : [ "PUT" ],
    "authLevel" : "ANONYMOUS"
  }, {
    "type" : "http",
    "direction" : "out",
    "name" : "$return"
  } ]
}